Rk,Player,Pro_Bowls,player_id
1,Tom Brady,15,BradTo00
2,Peyton Manning,14,MannPe00
3,Drew Brees,13,BreeDr00
4,Brett Favre,11,FavrBr00
5,Aaron Rodgers,10,RodgAa00
6,Johnny Unitas,10,UnitJo00
7,Russell Wilson,10,WilsRu00
8,John Elway,9,ElwaJo00
9,Dan Marino,9,MariDa00
10,Warren Moon,9,MoonWa00
11,Fran Tarkenton,9,TarkFr00
12,Norm Van Brocklin,9,VanBNo00
13,Bob Griese,8,GrieBo00
14,Joe Montana,8,MontJo01
15,Philip Rivers,8,RivePh00
16,Len Dawson,7,DawsLe00
17,Jack Kemp,7,KempJa00
18,Y.A. Tittle,7,TittY.00
19,Steve Young,7,YounSt00
20,Troy Aikman,6,AikmTr00
21,Dan Fouts,6,FoutDa00
22,John Hadl,6,HadlJo00
23,Bobby Layne,6,LaynBo00
24,Patrick Mahomes,6,MahoPa00
25,Donovan McNabb,6,McNaDo00
26,Ben Roethlisberger,6,RoetBe00
27,Roger Staubach,6,StauRo00
28,Otto Graham,5,GrahOt00
29,Sonny Jurgensen,5,JurgSo00
30,Jim Kelly,5,KellJi00
31,Daryle Lamonica,5,LamoDa00
32,Joe Namath,5,NamaJo00
33,Josh Allen,4,AlleJo02
34,Ken Anderson,4,AndeKe00
35,George Blanda,4,BlanGe00
36,Drew Bledsoe,4,BledDr00
37,Derek Carr,4,CarrDe02
38,Kirk Cousins,4,CousKi00
39,Randall Cunningham,4,CunnRa00
40,Boomer Esiason,4,EsiaBo00
41,Roman Gabriel,4,GabrRo00
42,Rich Gannon,4,GannRi00
43,Jeff Garcia,4,GarcJe00
44,Jared Goff,4,GoffJa00
45,Jim Hart,4,HartJi00
46,Lamar Jackson,4,JackLa00
47,Eddie LeBaron,4,LeBaEd00
48,Andrew Luck,4,LuckAn00
49,Eli Manning,4,MannEl00
50,Dak Prescott,4,PresDa01
51,Tony Romo,4,RomoTo00
52,Matt Ryan,4,RyanMa00
53,Norm Snead,4,SneaNo00
54,Ken Stabler,4,StabKe00
55,Bart Starr,4,StarBa00
56,Michael Vick,4,VickMi00
57,Kurt Warner,4,WarnKu00
58,Terry Bradshaw,3,BradTe00
59,Mark Brunell,3,BrunMa00
60,Daunte Culpepper,3,CulpDa00
61,Andy Dalton,3,DaltAn00
62,Matt Hasselbeck,3,HassMa00
63,Dave Krieg,3,KrieDa00
64,Sid Luckman,3,LuckSi00
65,Steve McNair,3,McNaSt00
66,Don Meredith,3,MereDo00
67,Cam Newton,3,NewtCa00
68,Carson Palmer,3,PalmCa00
69,Babe Parilli,3,PariBa00
70,Frank Ryan,3,RyanFr00
71,Alex Smith,3,SmitAl03
72,Bobby Thomason,3,ThomBo02
73,Deshaun Watson,3,WatsDe00
74,Steve Bartkowski,2,BartSt00
75,John Brodie,2,BrodJo00
76,Ed Brown,2,BrowEd01
77,Marc Bulger,2,BulgMa00
78,Adrian Burk,2,BurkAd00
79,Joe Burrow,2,BurrJo01
80,Chris Chandler,2,ChanCh00
81,Kerry Collins,2,CollKe00
82,Charlie Conerly,2,ConeCh00
83,Cotton Davidson,2,DaviCo00
84,Al Dorow,2,DoroAl00
85,Trent Green,2,GreeTr00
86,Jalen Hurts,2,HurtJa00
87,Brad Johnson,2,JohnBr00
88,Neil Lomax,2,LomaNe00
89,Johnny Lujack,2,LujaJo00
90,Archie Manning,2,MannAr00
91,Baker Mayfield,2,MayfBa00
92,Earl Morrall,2,MorrEa00
93,Kyler Murray,2,MurrKy00
94,Ken O'Brien,2,OBriKe00
95,Milt Plum,2,PlumMi00
96,Tobin Rote,2,RoteTo00
97,Mark Rypien,2,RypiMa00
98,Matt Schaub,2,SchaMa00
99,Phil Simms,2,SimmPh00
100,Geno Smith,2,SmitGe00
101,Matthew Stafford,2,StafMa00
102,Vinny Testaverde,2,TestVi00
103,Joe Theismann,2,TheiJo00
104,Billy Wade,2,WadeBi00
105,Bob Waterfield,2,WateBo01
106,Vince Young,2,YounVi00
107,Frankie Albert,1,AlbeFr00
108,Derek Anderson,1,AndeDe00
109,Sammy Baugh,1,BaugSa00
110,Bob Berry,1,BerrBo00
111,Steve Beuerlein,1,BeueSt00
112,Jeff Blake,1,BlakJe00
113,Steve Bono,1,BonoSt00
114,Mike Boryla,1,BoryMi00
115,Teddy Bridgewater,1,BridTe00
116,Matt Cassel,1,CassMa00
117,Jay Cutler,1,CutlJa00
118,Jayden Daniels,1,DaniJa02
119,Sam Darnold,1,DarnSa00
120,Jake Delhomme,1,DelhJa00
121,Trent Dilfer,1,DilfTr00
122,Jim Everett,1,EverJi00
123,Jim Finks,1,FinkJi00
124,Tom Flores,1,FlorTo00
125,Doug Flutie,1,FlutDo00
126,Nick Foles,1,FoleNi00
127,Gus Frerotte,1,FrerGu00
128,David Garrard,1,GarrDa00
129,Harry Gilmer,1,GilmHa00
130,Elvis Grbac,1,GrbaEl00
131,Brian Griese,1,GrieBr00
132,Robert Griffin III,1,GrifRo01
133,Pat Haden,1,HadePa00
134,Jim Harbaugh,1,HarbJi00
135,Jim Hardy,1,HardJi00
136,James Harris,1,HarrJa01
137,Bobby Hebert,1,HebeBo00
138,Justin Herbert,1,HerbJu00
139,Jeff Hostetler,1,HostJe00
140,Tyler Huntley,1,HuntTy01
141,Ron Jaworski,1,JawoRo00
142,Charley Johnson,1,JohnCh02
143,Bert Jones,1,JoneBe00
144,Mac Jones,1,JoneMa05
145,Joe Kapp,1,KappJo00
146,Bill Kenney,1,KennBi00
147,Billy Kilmer,1,KilmBi00
148,Bernie Kosar,1,KosaBe00
149,Tommy Kramer,1,KramTo00
150,Greg Landry,1,LandGr00
151,Trevor Lawrence,1,LawrTr00
152,Mike Livingston,1,LiviMi00
153,Don Majkowski,1,MajkDo00
154,Drake Maye,1,MayeDr00
155,Jim McMahon,1,McMaJi00
156,Chris Miller,1,MillCh00
157,Gardner Minshew II,1,MinsGa00
158,Bill Nelsen,1,NelsBi00
159,Davey O'Brien,1,OBriDa21
160,Tommy O'Connell,1,OConTo00
161,Neil O'Donnell,1,ODonNe00
162,Dan Pastorini,1,PastDa00
163,Jake Plummer,1,PlumJa00
164,Brock Purdy,1,PurdBr00
165,Jay Schroeder,1,SchrJa00
166,Brian Sipe,1,SipeBr00
167,Kordell Stewart,1,StewKo00
168,C.J. Stroud,1,StroCJ00
169,Tua Tagovailoa,1,TagoTu00
170,George Taliaferro,1,TaliGe00
171,Mike Taliaferro,1,TaliMi00
172,Ryan Tannehill,1,TannRy00
173,Tyrod Taylor,1,TaylTy00
174,Tommy Thompson,1,ThomTo21
175,Charley Trippi,1,TripCh00
176,Frank Tripucka,1,TripFr00
177,Mitchell Trubisky,1,TrubMi00
178,Carson Wentz,1,WentCa00
179,Danny White,1,WhitDa01
180,Wade Wilson,1,WilsWa00
181,Jameis Winston,1,WinsJa00
182,Tony Adams,0,AdamTo00
183,Sam Adkins,0,AdkiSa00
184,Don Allard,0,AllaDo20
185,Brandon Allen,0,AlleBr00
186,Kyle Allen,0,AlleKy00
187,Billy Guy Anderson,0,AndeBi21
188,David Archer,0,ArchDa00
189,Rick Arrington,0,ArriRi00
190,Kent Austin,0,AustKe20
191,Bob Avellini,0,AvelBo00
192,Richard Badar,0,BadaRi20
193,Tyson Bagent,0,BageTy00
194,Ed Baker,0,BakeEd00
195,Terry Baker,0,BakeTe00
196,Tony Banks,0,BankTo00
197,Matt Barkley,0,BarkMa00
198,Joe Barnes,0,BarnJo01
199,Len Barnum,0,BarnLe21
200,Pat Barnes,0,BarnPa20
201,Dave Barr,0,BarrDa20
202,Greg Barton,0,BartGr20
203,Richard Bartel,0,BartRi00
204,Brett Basanez,0,BasaBr00
205,Charlie Batch,0,BatcCh00
206,C.J. Beathard,0,BeatC.00
207,Pete Beathard,0,BeatPe00
208,Gary Beban,0,BebaGa00
209,John Beck,0,BeckJo00
210,Kerwin Bell,0,BellKe00
211,Guy Benjamin,0,BenjGu00
212,Kurt Benkert,0,BenkKu01
213,Ben Bennett,0,BennBe20
214,Fred Benners,0,BennFr00
215,Brock Berlin,0,BerlBr00
216,Angelo Bertelli,0,BertAn20
217,Michael Bishop,0,BishMi00
218,Todd Blackledge,0,BlacTo00
219,Bob Bleier,0,BleiBo20
220,David Blough,0,BlouDa00
221,Ed Blount,0,BlouEd20
222,Jeb Blount,0,BlouJe00
223,Matt Blundin,0,BlunMa00
224,Brooks Bollinger,0,BollBr00
225,Kyle Boller,0,BollKy00
226,Ian Book,0,BookIa00
227,Blake Bortles,0,BortBl00
228,John Borton,0,BortJo20
229,Todd Bouman,0,BoumTo00
230,Trevone Boykin,0,BoykTr00
231,Tim Boyle,0,BoylTi00
232,Charlie Brackins,0,BracCh20
233,Craig Bradshaw,0,BradCr20
234,Sam Bradford,0,BradSa00
235,Steve Bradley,0,BradSt20
236,Tom Brandstater,0,BranTo00
237,Zeke Bratkowski,0,BratZe00
238,Tyler Bray,0,BrayTy00
239,Don Breaux,0,BreaDo00
240,Adrian Breen,0,BreeAd20
241,Walter Briggs,0,BrigWa20
242,Bubby Brister,0,BrisBu00
243,Jacoby Brissett,0,BrisJa00
244,Marlin Briscoe,0,BrisMa00
245,Jon Brittenum,0,BritJo00
246,Dieter Brock,0,BrocDi00
247,Bob Brodhead,0,BrodBo00
248,Brian Brohm,0,BrohBr00
249,Jeff Brohm,0,BrohJe00
250,Aaron Brooks,0,BrooAa00
251,Anthony Brown,0,BrowAn06
252,Carlos Brown,0,BrowCa00
253,Dave Brown,0,BrowDa00
254,Jake Browning,0,BrowJa08
255,Levi Brown,0,BrowLe00
256,Ray Brown,0,BrowRa21
257,Travis Brown,0,BrowTr01
258,Carl Brumbaugh,0,BrumCa20
259,Scott Brunner,0,BrunSc00
260,Johnny Bryan,0,BryaJo20
261,Mike Buck,0,BuckMi00
262,Ray Buivid,0,BuivRa20
263,Rudy Bukich,0,BukiRu00
264,Scott Bull,0,BullSc00
265,Ed Burns,0,BurnEd20
266,Henry Burris,0,BurrHe00
267,Mike Busch,0,BuscMi20
268,George Cafego,0,CafeGe20
269,Joe Callahan,0,CallJo00
270,Jason Campbell,0,CampJa00
271,Rich Campbell,0,CampRi00
272,Scott Campbell,0,CampSc00
273,Bill Cappleman,0,CappBi00
274,Glenn Carano,0,CaraGl00
275,Cody Carlson,0,CarlCo00
276,Dean Carlson,0,CarlDe00
277,Jeff Carlson,0,CarlJe00
278,Rudy Carpenter,0,CarpRu00
279,David Carr,0,CarrDa00
280,Quincy Carter,0,CartQu00
281,Virgil Carter,0,CartVi00
282,Ken Casanega,0,CasaKe20
283,Ernie Case,0,CaseEr20
284,Stoney Case,0,CaseSt00
285,Matt Cavanaugh,0,CavaMa00
286,Bob Celeri,0,CeleBo00
287,Mike Cherry,0,CherMi00
288,Ed Chlebek,0,ChleEd00
289,Max Choboian,0,ChobMa00
290,Jeff Christensen,0,ChriJe20
291,Paul Christman,0,ChriPa20
292,Larry Cipa,0,CipaLa00
293,Bryan Clark,0,ClarBr22
294,Dennis Claridge,0,ClarDe02
295,Wayne Clark,0,ClarWa00
296,Bob Clatterbuck,0,ClatBo00
297,Jimmy Clausen,0,ClauJi00
298,Chuck Clements,0,ClemCh21
299,Kellen Clemens,0,ClemKe00
300,Tom Clements,0,ClemTo20
301,Sean Clifford,0,ClifSe00
302,Red Cochran,0,CochRe20
303,Reggie Collier,0,CollRe20
304,Todd Collins,0,CollTo00
305,Ogden Compton,0,CompOg20
306,Jack Concannon,0,ConcJa00
307,Cary Conklin,0,ConkCa00
308,Connor Cook,0,CookCo00
309,Greg Cook,0,CookGr00
310,King Corcoran,0,CorcKi00
311,Tim Couch,0,CoucTi00
312,Scott Covington,0,CoviSc00
313,Dameyune Craig,0,CraiDa00
314,Jim Crocicchia,0,CrocJi20
315,Brodie Croyle,0,CroyBr00
316,Ward Cuff,0,CuffWa20
317,Malik Cunningham,0,CunnMa00
318,Gary Cuozzo,0,CuozGa00
319,Will Cureton,0,CureWi00
320,Boley Dancewicz,0,DancBo20
321,B.J. Daniels,0,DaniB.00
322,Chase Daniel,0,DaniCh00
323,Gary Danielson,0,DaniGa00
324,Dan Darragh,0,DarrDa00
325,Rohan Davey,0,DaveRo01
326,Austin Davis,0,DaviAu00
327,Bob Davis,0,DaviBo00
328,Bob Davis,0,DaviBo21
329,Dominique Davis,0,DaviDo02
330,Eagle Day,0,DayxEa00
331,Randy Dean,0,DeanRa00
332,Steve DeBerg,0,DebeSt00
333,Al Dekdebrun,0,DekdAl20
334,Jack Del Bello,0,DelBJa20
335,Jim Del Gaizo,0,DelGJi00
336,Bill Demory,0,DemoBi00
337,Koy Detmer,0,DetmKo00
338,Ty Detmer,0,DetmTy00
339,Tommy DeVito,0,DeViTo00
340,Benjy Dial,0,DialBe00
341,Lynn Dickey,0,DickLy00
342,Parnell Dickinson,0,DickPa00
343,Steve Dils,0,DilsSt00
344,Anthony Dilweg,0,DilwAn00
345,Tom Dimitroff,0,DimiTo00
346,Ben DiNucci,0,DiNuBe00
347,Joe DiVito,0,DiviJo00
348,Dennis Dixon,0,DixoDe00
349,Glenn Dobbs,0,DobbGl20
350,Joshua Dobbs,0,DobbJo00
351,Marty Domres,0,DomrMa00
352,Bill Donckers,0,DoncBi00
353,Ken Dorsey,0,DorsKe00
354,Bobby Douglass,0,DougBo00
355,Brian Dowling,0,DowlBr00
356,Jeff Driskel,0,DrisJe00
357,Paddy Driscoll,0,DrisPa20
358,Jim Druckenmiller,0,DrucJi00
359,Tom Dublinski,0,DublTo00
360,Joe Dufek,0,DufeJo00
361,Maury Duncan,0,DuncMa20
362,Randy Duncan,0,DuncRa00
363,Tom Duniven,0,DuniTo20
364,Jacob Eason,0,EasoJa00
365,Tony Eason,0,EasoTo00
366,Armanti Edwards,0,EdwaAr00
367,Trent Edwards,0,EdwaTr01
368,Sam Ehlinger,0,EhliSa00
369,Mike Elkins,0,ElkiMi00
370,Hunter Enis,0,EnisHu00
371,Fred Enke,0,EnkeFr20
372,Craig Erickson,0,EricCr00
373,Mike Ernst,0,ErnsMi00
374,Alex Espinoza,0,EspiAl21
375,Sam Etcheverry,0,EtchSa00
376,Vince Evans,0,EvanVi00
377,David Fales,0,FaleDa00
378,Luke Falk,0,FalkLu00
379,Randy Fasani,0,FasaRa00
380,A.J. Feeley,0,FeelA.00
381,Joe Ferguson,0,FergJo00
382,Vince Ferragamo,0,FerrVi00
383,Jay Fiedler,0,FiedJa00
384,Justin Fields,0,FielJu00
385,Frank Filchock,0,FilcFr20
386,Ryan Finley,0,FinlRy00
387,Ryan Fitzpatrick,0,FitzRy00
388,Joe Flacco,0,FlacJo00
389,Tom Flick,0,FlicTo00
390,Dick Flowers,0,FlowDi20
391,Matt Flynn,0,FlynMa00
392,Glenn Foley,0,FoleGl00
393,Brendan Folmar,0,FolmBr20
394,John Fourcade,0,FourJo00
395,Feleipe Franks,0,FranFe00
396,Jeff Francis,0,FranJe20
397,Joe Francis,0,FranJo20
398,Josh Freeman,0,FreeJo00
399,Jesse Freitas,0,FreiJe00
400,Jesse Freitas,0,FreiJe20
401,John Friesz,0,FrieJo00
402,Jake Fromm,0,FromJa00
403,Charlie Frye,0,FryeCh00
404,Steve Fuller,0,FullSt00
405,Will Furrer,0,FurrWi00
406,Chuck Fusina,0,FusiCh00
407,Blaine Gabbert,0,GabbBl00
408,Jim Gaffney,0,GaffJi20
409,Bob Gagliano,0,GaglBo00
410,Arnie Galiffa,0,GaliAr20
411,Chon Gallegos,0,GallCh00
412,Bob Gambold,0,GambBo20
413,Jimmy Garoppolo,0,GaroJi00
414,Bobby Garrett,0,GarrBo20
415,Jason Garrett,0,GarrJa00
416,Sammy Garza,0,GarzSa20
417,Joe Gasparella,0,GaspJo20
418,Don Gault,0,GaulDo00
419,Doug Gaynor,0,GaynDo20
420,Stan Gelbaugh,0,GelbSt00
421,Jeff George,0,GeorJe00
422,Joe Germaine,0,GermJo00
423,Sonny Gibbs,0,GibbSo00
424,Gale Gilbert,0,GilbGa00
425,Garrett Gilbert,0,GilbGa01
426,Joe Gilliam,0,GillJo00
427,Willie Gillus,0,GillWi21
428,Jug Girard,0,GiraJu20
429,Scotty Glacken,0,GlacSc00
430,Mike Glennon,0,GlenMi00
431,Brad Goebel,0,GoebBr00
432,Jerry Golsteyn,0,GolsJe00
433,Pete Gonzalez,0,GonzPe00
434,Paul Governali,0,GovePa20
435,Bruce Gradkowski,0,GradBr00
436,Neil Graff,0,GrafNe00
437,Kent Graham,0,GrahKe00
438,Quinn Gray,0,GrayQu00
439,Tony Graziani,0,GrazTo00
440,Charlie Green,0,GreeCh00
441,Johnny Green,0,GreeJo00
442,Tom Greene,0,GreeTo20
443,Chris Greisen,0,GreiCh00
444,Will Grier,0,GrieWi00
445,Glynn Griffing,0,GrifGl00
446,Ryan Griffin,0,GrifRy01
447,Steve Grogan,0,GrogSt00
448,Lee Grosscup,0,GrosLe00
449,Rex Grossman,0,GrosRe00
450,Ralph Guglielmi,0,GuglRa00
451,Matt Gutierrez,0,GutiMa00
452,Jake Haener,0,HaenJa00
453,Galen Hall,0,HallGa00
454,Jaren Hall,0,HallJa00
455,Max Hall,0,HallMa00
456,Shawn Halloran,0,HallSh20
457,Jim Haluska,0,HaluJi20
458,Gibran Hamdan,0,HamdGi00
459,Joe Hamilton,0,HamiJo20
460,Kim Hammond,0,HammKi00
461,Caleb Hanie,0,HaniCa00
462,Terry Hanratty,0,HanrTe00
463,Edd Hargett,0,HargEd00
464,Graham Harrell,0,HarrGr00
465,Joey Harrington,0,HarrJo00
466,Leo Hart,0,HartLe00
467,Mark Hartsell,0,HartMa20
468,Dwayne Haskins,0,HaskDw00
469,Tim Hasselbeck,0,HassTi00
470,Stan Heath,0,HeatSt20
471,Randy Hedberg,0,HedbRa00
472,Don Heinrich,0,HeinDo00
473,Taylor Heinicke,0,HeinTa00
474,Paul Held,0,HeldPa20
475,Chad Henne,0,HennCh01
476,Dan Henning,0,HennDa00
477,Drew Henson,0,HensDr00
478,George Herring,0,HerrGe00
479,Mark Herrmann,0,HerrMa00
480,Rob Hertel,0,HertRo20
481,Bob Hewko,0,HewkBo20
482,Rusty Hilger,0,HilgRu00
483,King Hill,0,HillKi00
484,Shaun Hill,0,HillSh00
485,Taysom Hill,0,HillTa00
486,Eric Hipple,0,HippEr00
487,Buckets Hirsch,0,HirsBu20
488,Billy Joe Hobert,0,HobeBi00
489,Devlin Hodges,0,HodgDe00
490,Tom Hodson,0,HodsTo00
491,Kevin Hogan,0,HogaKe00
492,Gary Hogeboom,0,HogeGa00
493,Mike Hohensee,0,HoheMi20
494,Kelly Holcomb,0,HolcKe00
495,Mike Hold,0,HoldMi20
496,Bob Holly,0,HollBo00
497,Donald Hollas,0,HollDo00
498,Todd Hons,0,HonsTo20
499,Hendon Hooker,0,HookHe00
500,Dick Horn,0,HornDi20
501,Don Horn,0,HornDo00
502,Marty Horn,0,HornMa20
503,Arnie Horween,0,HorwAr20
504,Sam Howell,0,HoweSa00
505,Brian Hoyer,0,HoyeBr00
506,Bobby Hoying,0,HoyiBo00
507,Brock Huard,0,HuarBr00
508,Damon Huard,0,HuarDa00
509,John Huarte,0,HuarJo00
510,Doug Hudson,0,HudsDo20
511,Gary Huff,0,HuffGa00
512,John Hufnagel,0,HufnJo00
513,David Humm,0,HummDa00
514,Buddy Humphrey,0,HumpBu00
515,Stan Humphries,0,HumpSt00
516,Brett Hundley,0,HundBr00
517,Scott Hunter,0,HuntSc00
518,Todd Husak,0,HusaTo20
519,Chad Hutchinson,0,HutcCh00
520,Kevin Ingram,0,IngrKe20
521,George Izo,0,IzoxGe00
522,Jarious Jackson,0,JackJa01
523,Tarvaris Jackson,0,JackTa00
524,Jack Jacobs,0,JacoJa20
525,Dick Jamieson,0,JamiDi00
526,David Jaynes,0,JaynDa00
527,Neal Jeffrey,0,JeffNe00
528,Steve Joachim,0,JoacSt20
529,Doug Johnson,0,JohnDo00
530,Josh Johnson,0,JohnJo05
531,Randy Johnson,0,JohnRa00
532,Rob Johnson,0,JohnRo00
533,Cardale Jones,0,JoneCa01
534,Daniel Jones,0,JoneDa05
535,J.J. Jones,0,JoneJ.00
536,June Jones,0,JoneJu00
537,Landry Jones,0,JoneLa02
538,Paul Justin,0,JustPa00
539,Colin Kaepernick,0,KaepCo00
540,Mike Kafka,0,KafkMi00
541,Danny Kanell,0,KaneDa00
542,Ken Karcher,0,KarcKe00
543,Abe Karnofsky,0,KarnAb20
544,Val Keckin,0,KeckVa00
545,Case Keenum,0,KeenCa00
546,Gary Keithley,0,KeitGa00
547,Chad Kelly,0,KellCh00
548,Mike Kelley,0,KellMi21
549,Jeff Kemp,0,KempJe00
550,Tom Kennedy,0,KennTo00
551,Gary Kerkorian,0,KerkGa20
552,Mike Kerrigan,0,KerrMi00
553,Cody Kessler,0,KessCo00
554,Blair Kiel,0,KielBl00
555,Kliff Kingsbury,0,KingKl00
556,Shaun King,0,KingSh00
557,Mike Kirkland,0,KirkMi00
558,Jon Kitna,0,KitnJo00
559,Kurt Kittner,0,KittKu00
560,DeShone Kizer,0,KizeDe00
561,Perry Klein,0,KleiPe20
562,David Klingler,0,KlinDa00
563,Don Klosterman,0,KlosDo20
564,Greg Knafelc,0,KnafGr20
565,Jeff Knapple,0,KnapJe20
566,Ronnie Knox,0,KnoxRo20
567,Matt Kofler,0,KoflMa00
568,Kevin Kolb,0,KolbKe00
569,Jeff Komlo,0,KomlJe00
570,Erik Kramer,0,KramEr00
571,Craig Krenzel,0,KrenCr00
572,Eric Kresser,0,KresEr00
573,Mike Kruczek,0,KrucMi00
574,Gary Kubiak,0,KubiGa00
575,Craig Kupp,0,KuppCr20
576,Trey Lance,0,LancTr00
577,Gary Lane,0,LaneGa00
578,Paul Larson,0,LarsPa00
579,Babe Laufenberg,0,LaufBa00
580,Kyle Lauletta,0,LaulKy00
581,Larry Lawrence,0,LawrLa00
582,Ryan Leaf,0,LeafRy00
583,Bob Leahy,0,LeahBo00
584,Jim LeClair,0,LeClJi00
585,Hal Ledyard,0,LedyHa20
586,Bob Lee,0,LeexBo00
587,Jacky Lee,0,LeexJa00
588,Clyde LeForce,0,LeFoCl20
589,Byron Leftwich,0,LeftBy00
590,Matt Leinart,0,LeinMa00
591,Bruce Lemmerman,0,LemmBr00
592,Cleo Lemon,0,LemoCl00
593,Will Levis,0,LeviWi00
594,Cliff Lewis,0,LewiCl20
595,Dave Lewis,0,LewiDa22
596,Jeff Lewis,0,LewiJe01
597,Thaddeus Lewis,0,LewiTh01
598,Ryan Lindley,0,LindRy00
599,Rusty Lisch,0,LiscRu00
600,Pete Liske,0,LiskPe00
601,Drew Lock,0,LockDr00
602,Jake Locker,0,LockJa00
603,Chuck Long,0,LongCh00
604,Clint Longley,0,LongCl00
605,Johnny Long,0,LongJo20
606,Dean Look,0,LookDe00
607,Jared Lorenzen,0,LoreJa00
608,J.P. Losman,0,LosmJ.00
609,Jordan Love,0,LoveJo03
610,Mike Loyd,0,LoydMi00
611,Ray Lucas,0,LucaRa00
612,Richie Lucas,0,LucaRi00
613,Oliver Luck,0,LuckOl00
614,Terry Luck,0,LuckTe00
615,Ed Luther,0,LuthEd00
616,Jake Luton,0,LutoJa00
617,Paxton Lynch,0,LyncPa00
618,Matt Lytle,0,LytlMa00
619,Mike Machurek,0,MachMi00
620,Bill Mackrides,0,MackBi20
621,Kyle Mackey,0,MackKy00
622,Tommy Maddox,0,MaddTo00
623,Ray Mallouf,0,MallRa20
624,Ryan Mallett,0,MallRy00
625,Mark Malone,0,MaloMa00
626,Mark Manges,0,MangMa20
627,Sean Mannion,0,MannSe00
628,Dan Manucci,0,ManuDa20
629,EJ Manuel,0,ManuEJ00
630,Johnny Manziel,0,ManzJo00
631,Gary Marangi,0,MaraGa00
632,Ted Marchibroda,0,MarcTe20
633,Marcus Mariota,0,MariMa01
634,Todd Marinovich,0,MariTo00
635,Ingle Martin,0,MartIn00
636,Jamie Martin,0,MartJa00
637,Tee Martin,0,MartTe00
638,Bernie Masterson,0,MastBe20
639,Bruce Mathison,0,MathBr00
640,Shane Matthews,0,MattSh00
641,Steve Matthews,0,MattSt00
642,Matt Mauck,0,MaucMa00
643,Dave Mays,0,MaysDa00
644,Dean May,0,MayxDe20
645,A.J. McCarron,0,McCaA.00
646,Brian McClure,0,McClBr20
647,Colt McCoy,0,McCoCo00
648,John McCormick,0,McCoJo00
649,Josh McCown,0,McCoJo01
650,Luke McCown,0,McCoLu00
651,Paul McDonald,0,McDoPa00
652,Greg McElroy,0,McElGr00
653,Stephen McGee,0,McGeSt00
654,Matt McGloin,0,McGlMa01
655,Monte McGuire,0,McGuMo20
656,Dan McGwire,0,McGwDa00
657,Lamar McHan,0,McHaLa00
658,Rick McIvor,0,McIvRi20
659,Tanner McKee,0,McKeTa01
660,Mike McMahon,0,McMaMi00
661,Reggie McNeal,0,McNeRe00
662,Cade McNown,0,McNoCa00
663,Kim McQuilken,0,McQuKi00
664,Trace McSorley,0,McSoTr00
665,Guido Merkens,0,MerkGu00
666,Zach Mettenberger,0,MettZa00
667,Ron Meyer,0,MeyeRo00
668,Mike Micka,0,MickMi20
669,Pete Mikolajewski,0,MikoPe20
670,Don Milan,0,MilaDo00
671,Scott Milanovich,0,MilaSc00
672,Davis Mills,0,MillDa02
673,Hugh Millen,0,MillHu00
674,Jim Miller,0,MillJi00
675,Larry Miller,0,MillLa20
676,Mark Miller,0,MillMa00
677,Mark Miller,0,MillMa20
678,Ron Miller,0,MillRo01
679,Charlie Milstead,0,MilsCh20
680,Joe Milton,0,MiltJo00
681,Ed Mioduszewski,0,MiodEd20
682,George Mira,0,MiraGe00
683,Rick Mirer,0,MireRi00
684,Scott Mitchell,0,MitcSc00
685,Keith Molesworth,0,MoleKe20
686,Kellen Mond,0,MondKe00
687,Kellen Moore,0,MoorKe02
688,Matt Moore,0,MoorMa01
689,Shawn Moore,0,MoorSh00
690,Moses Moreno,0,MoreMo00
691,Mike Moroski,0,MoroMi00
692,Dennis Morrison,0,MorrDe00
693,Craig Morton,0,MortCr00
694,Nick Mullens,0,MullNi00
695,George Munns,0,MunnGe20
696,Bill Munson,0,MunsBi00
697,Tyler Murphy,0,MurpTy00
698,Bill Musgrave,0,MusgBi00
699,Jack Myers,0,MyerJa20
700,Steve Myer,0,MyerSt00
701,Tom Myers,0,MyerTo00
702,Ray Nagel,0,NageRa20
703,Browning Nagle,0,NaglBr00
704,Craig Nall,0,NallCr00
705,Bob Naponic,0,NapoBo00
706,Ryan Nassib,0,NassRy00
707,John Navarre,0,NavaJo00
708,Rick Neuheisel,0,NeuhRi20
709,Gifford Nielsen,0,NielGi00
710,Jim Ninowski,0,NinoJi00
711,Bo Nix,0,NixxBo00
712,Kent Nix,0,NixxKe00
713,Terry Nofsinger,0,NofsTe00
714,Dick Norman,0,NormDi20
715,David Norrie,0,NorrDa20
716,Mike Norseth,0,NorsMi20
717,Rick Norton,0,NortRi00
718,Mike Nott,0,NottMi00
719,Terry Nugent,0,NugeTe20
720,Keith Null,0,NullKe00
721,Doug Nussmeier,0,NussDo00
722,Aidan O'Connell,0,OConAi00
723,Kevin O'Connell,0,OConKe00
724,Chris Oladokun,0,OladCh00
725,Cliff Olander,0,OlanCl00
726,Tom O'Malley,0,OMalTo20
727,Dan Orlovsky,0,OrloDa00
728,Charlie O'Rourke,0,ORouCh20
729,Kyle Orton,0,OrtoKy00
730,Sandy Osiecki,0,OsieSa20
731,J.T. O'Sullivan,0,OSulJ.00
732,Brock Osweiler,0,OsweBr00
733,Tom Owen,0,OwenTo00
734,Mike Pagel,0,PageMi00
735,Curtis Painter,0,PainCu00
736,Tyler Palko,0,PalkTy00
737,Jesse Palmer,0,PalmJe00
738,Jordan Palmer,0,PalmJo20
739,Don Panciera,0,PancDo20
740,Nick Papac,0,PapaNi00
741,Alan Pastrana,0,PastCh00
742,Frank Patrick,0,PatrFr00
743,Sean Payton,0,PaytSe20
744,Pard Pearce,0,PearPa20
745,Brent Pease,0,PeasBr00
746,Doug Pederson,0,PedeDo00
747,Rodney Peete,0,PeetRo00
748,Steve Pelluer,0,PellSt00
749,Michael Penix,0,PeniMi00
750,Chad Pennington,0,PennCh01
751,Craig Penrose,0,PenrCr00
752,Bryce Perkins,0,PerkBr02
753,Nathan Peterman,0,PeteNa00
754,Bryce Petty,0,PettBr01
755,Todd Philcox,0,PhilTo00
756,Mike Phipps,0,PhipMi00
757,Cody Pickett,0,PickCo00
758,Kenny Pickett,0,PickKe00
759,Tony Pike,0,PikeTo00
760,Joe Pisarcik,0,PisaJo00
761,Steve Pisarkiewicz,0,PisaSt00
762,Jim Plunkett,0,PlunJi00
763,Dick Poillon,0,PoilDi20
764,Christian Ponder,0,PondCh00
765,Jim Powers,0,PoweJi20
766,De'Andre Presley,0,PresDe00
767,Terrelle Pryor,0,PryoTe00
768,Bob Ptacek,0,PtacBo20
769,Marion Pugh,0,PughMa20
770,Bernard Quarles,0,QuarBe20
771,Brady Quinn,0,QuinBr00
772,Jonathan Quinn,0,QuinJo00
773,Mike Quinn,0,QuinMi00
774,Warren Rabb,0,RabbWa00
775,Mike Rae,0,RaexMi00
776,Dave Ragone,0,RagoDa00
777,Larry Rakestraw,0,RakeLa00
778,Patrick Ramsey,0,RamsPa00
779,Steve Ramsey,0,RamsSt00
780,Tom Ramsey,0,RamsTo00
781,Walt Rankin,0,RankWa20
782,George Ratterman,0,RattGe00
783,Spencer Rattler,0,RattSp00
784,Tim Rattay,0,RattTi00
785,John Rauch,0,RaucJo20
786,Frank Reagan,0,ReagFr20
787,John Reaves,0,ReavJo00
788,Chris Redman,0,RedmCh00
789,Joe Reed,0,ReedJo00
790,Mark Reed,0,ReedMa20
791,Frank Reich,0,ReicFr00
792,Jerry Reichow,0,ReicJe00
793,Sean Renfree,0,RenfSe00
794,M.C. Reynolds,0,ReynM.00
795,Jerry Rhome,0,RhomJe00
796,Anthony Richardson,0,RichAn03
797,Bucky Richardson,0,RichBu00
798,Wally Richardson,0,RichWa00
799,Desmond Ridder,0,RiddDe00
800,Tim Riordan,0,RiorTi20
801,Alan Risher,0,RishAl20
802,James Ritchey,0,RitcJa20
803,John Roach,0,RoacJo00
804,Archie Roberts,0,RobeAr00
805,Matt Robinson,0,RobiMa01
806,Tony Robinson,0,RobiTo20
807,Steve Romanik,0,RomaSt00
808,Milt Romney,0,RomnMi20
809,Gene Ronzani,0,RonzGe20
810,Jim Root,0,RootJi20
811,Josh Rosen,0,RoseJo01
812,Sage Rosenfels,0,RoseSa00
813,Timm Rosenbach,0,RoseTi00
814,Ed Rubbert,0,RubbEd20
815,T.J. Rubley,0,RublTJ00
816,Jake Rudock,0,RudoJa00
817,Mason Rudolph,0,RudoMa00
818,Cooper Rush,0,RushCo00
819,Benny Russell,0,RussBe00
820,JaMarcus Russell,0,RussJa00
821,Ed Rutkowski,0,RutkEd00
822,Jeff Rutledge,0,RutlJe00
823,Pat Ryan,0,RyanPa00
824,Brett Rypien,0,RypiBr00
825,Tony Sacca,0,SaccTo00
826,Sean Salisbury,0,SaliSe00
827,Mark Sanchez,0,SancMa00
828,Cory Sauter,0,SautCo00
829,Tom Savage,0,SavaTo00
830,Jack Scarbath,0,ScarJa20
831,Henry Schichtle,0,SchiHe20
832,Art Schlichter,0,SchlAr00
833,Turk Schonert,0,SchoTu00
834,Bob Schweickert,0,SchwBo00
835,Bud Schwenk,0,SchwBu20
836,Nick Scollard,0,ScolNi20
837,Bobby Scott,0,ScotBo00
838,Bob Scrabis,0,ScraBo00
839,Nick Sebek,0,SebeNi20
840,Scott Secules,0,SecuSc00
841,Frank Seurer,0,SeurFr00
842,Connor Shaw,0,ShawCo00
843,Dennis Shaw,0,ShawDe00
844,George Shaw,0,ShawGe00
845,Tom Sherman,0,SherTo00
846,Joe Shield,0,ShieJo20
847,Dick Shiner,0,ShinDi00
848,Heath Shuler,0,ShulHe00
849,Trevor Siemian,0,SiemTr00
850,Chris Simms,0,SimmCh00
851,Matt Simms,0,SimmMa00
852,John Skelton,0,SkelJo00
853,Mickey Slaughter,0,SlauMi00
854,Steve Sloan,0,SloaSt00
855,Akili Smith,0,SmitAk00
856,Brad Smith,0,SmitBr01
857,Ron Smith,0,SmitRo03
858,Rusty Smith,0,SmitRu01
859,Troy Smith,0,SmitTr02
860,Bob Snyder,0,SnydBo20
861,Loren Snyder,0,SnydLo20
862,Butch Songin,0,SongBu00
863,Jim Sorgi,0,SorgJi00
864,Ronnie Lee South,0,SoutRo00
865,Dennis Sproul,0,SproDe20
866,Steve Spurrier,0,SpurSt00
867,Brian St. Pierre,0,St.PBr20
868,Drew Stanton,0,StanDr00
869,Scott Stankavage,0,StanSc00
870,Steve Stenstrom,0,StenSt00
871,Harold Stephens,0,StepHa00
872,Kay Stephenson,0,StepKa00
873,Thomas Stephens,0,StepTo00
874,Dutch Sternaman,0,SterDu20
875,Joey Sternaman,0,SterJo21
876,Billy Stevens,0,StevBi00
877,Mark Stevens,0,StevMa20
878,Matt Stevens,0,StevMa21
879,Tommy Stevens,0,StevTo01
880,Easton Stick,0,SticEa00
881,Jarrett Stidham,0,StidJa00
882,Clint Stoerner,0,StoeCl00
883,John Stofa,0,StofJo00
884,Cliff Stoudt,0,StouCl00
885,Kelly Stouffer,0,StouKe00
886,Chris Streveler,0,StreCh00
887,Don Strock,0,StroDo00
888,Rick Strom,0,StroRi00
889,Nate Sudfeld,0,SudfNa00
890,Pat Sullivan,0,SullPa00
891,Carl Summerell,0,SummCa00
892,Karl Sweetan,0,SweeKa00
893,Kevin Sweeney,0,SweeKe00
894,Jerry Tagge,0,TaggJe00
895,Alex Tanney,0,TannAl00
896,Jim Bob Taylor,0,TaylJi20
897,Troy Taylor,0,TaylTr00
898,Tim Tebow,0,TeboTi00
899,Steve Tensi,0,TensSt00
900,George Terlep,0,TerlGe20
901,Harry Theofiledes,0,TheoHa00
902,Tyler Thigpen,0,ThigTy00
903,Dorian Thompson-Robinson,0,ThomDo02
904,Jack Thompson,0,ThomJa00
905,Kevin Thompson,0,ThomKe00
906,Logan Thomas,0,ThomLo00
907,Skylar Thompson,0,ThomSk00
908,Willie Thrower,0,ThroWi20
909,Travis Tidwell,0,TidwTr20
910,Scott Tinsley,0,TinsSc20
911,Dick Todd,0,ToddDi20
912,Richard Todd,0,ToddRi00
913,Billy Joe Tolliver,0,TollBi00
914,Scott Tolzien,0,TolzSc00
915,Mike Tomczak,0,TomcMi00
916,Gino Torretta,0,ToreGi00
917,Willie Totten,0,TottWi20
918,Kyle Trask,0,TrasKy00
919,Rick Trocano,0,TrocRi20
920,Bill Troup,0,TrouBi00
921,Jack Trudeau,0,TrudJa00
922,Don Trull,0,TrulDo00
923,Jeff Tuel,0,TuelJe00
924,Marques Tuiasosopo,0,TuiaMa00
925,Clayton Tune,0,TuneCl00
926,Tom Tupa,0,TupaTo20
927,Ricky Turner,0,TurnRi21
928,Sam Vacanti,0,VacaSa20
929,Ron Vander Kelen,0,VandRo00
930,Tim Van Galder,0,VanGTi00
931,Alex Van Pelt,0,VanPAl00
932,Bradlee Van Pelt,0,VanPBr00
933,Jeff Van Raaphorst,0,VanRJe20
934,Mark Vlasic,0,VlasMa00
935,Billy Volek,0,VoleBi00
936,Tommy Wade,0,WadeTo00
937,Jay Walker,0,WalkJa22
938,P.J. Walker,0,WalkPh00
939,Bev Wallace,0,WallBe20
940,Seneca Wallace,0,WallSe00
941,Steve Walsh,0,WalsSt00
942,Andrew Walter,0,WaltAn00
943,Dave Walter,0,WaltDa20
944,John Walton,0,WaltJo00
945,Jim Ward,0,WardJi00
946,Andre Ware,0,WareAn00
947,Dewey Warren,0,WarrDe00
948,Bob Waters,0,WateBo00
949,Foster Watkins,0,WatkFo20
950,Davis Webb,0,WebbDa00
951,Joe Webb,0,WebbJo00
952,Brandon Weeden,0,WeedBr00
953,Norris Weese,0,WeesNo00
954,Chris Weinke,0,WeinCh00
955,Casey Weldon,0,WeldCa00
956,Mike Wells,0,WellMi21
957,Manch Wheeler,0,WheeMa00
958,Craig Whelihan,0,WhelCr00
959,Charlie Whitehurst,0,WhitCh02
960,David Whitehurst,0,WhitDa02
961,Harvey White,0,WhitHa00
962,Mike White,0,WhitMi01
963,Todd Whitten,0,WhitTo20
964,Erik Wilhelm,0,WilhEr00
965,Bob Williams,0,WillBo20
966,Caleb Williams,0,WillCa03
967,Doug Williams,0,WillDo01
968,Malik Willis,0,WillMa12
969,Peter Tom Willis,0,WillPe00
970,Dave Wilson,0,WilsDa00
971,Eddie Wilson,0,WilsEd00
972,George Wilson,0,WilsGe00
973,Marc Wilson,0,WilsMa00
974,Zach Wilson,0,WilsZa00
975,John Witkowski,0,WitkJo00
976,John Wolford,0,WolfJo00
977,Al Woodall,0,WoodAl00
978,David Woodley,0,WoodDa00
979,Dick Wood,0,WoodDi00
980,Gary Wood,0,WoodGa00
981,Logan Woodside,0,WoodLo00
982,Tory Woodbury,0,WoodTo02
983,Scott Woolf,0,WoolSc20
984,Anthony Wright,0,WrigAn00
985,Randy Wright,0,WrigRa00
986,Danny Wuerffel,0,WuerDa00
987,Fred Wyant,0,WyanFr20
988,Sam Wyche,0,WychSa00
989,Spergon Wynn,0,WynnSp00
990,T.J. Yates,0,YateT.00
991,Tom Yewcic,0,YewcTo00
992,Bryce Young,0,YounBr01
993,Bailey Zappe,0,ZappBa00
994,Eric Zeier,0,ZeieEr00
995,Roy Zimmerman,0,ZimmRo20
996,Scott Zolak,0,ZolaSc00
997,Jim Zorn,0,ZornJi00
